cluster,id
0,0
1,1
1,2
0,3
1,4
0,5
0,6
0,7
0,8
4,9
3,10
1,11
0,12
2,13
1,14
4,15
3,16
0,17
3,18
4,19
0,20
1,21
2,22
1,23
2,24
1,25
2,26
1,27
4,28
4,29
3,30
2,31
2,32
3,33
3,34
4,35
2,36
3,37
3,38
3,39
3,40
2,41
2,42
0,43
1,44
3,45
2,46
2,47
1,48
1,49
4,50
4,51
3,52
3,53
0,54
4,55
4,56
4,57
0,58
1,59
0,60
3,61
2,62
4,63
3,64
3,65
0,66
3,67
1,68
2,69
3,70
1,71
1,72
2,73
2,74
3,75
3,76
2,77
1,78
3,79
1,80
4,81
4,82
2,83
3,84
3,85
2,86
4,87
0,88
2,89
0,90
1,91
2,92
2,93
4,94
0,95
1,96
1,97
2,98
2,99
1,100
4,101
1,102
3,103
4,104
0,105
3,106
1,107
0,108
3,109
2,110
0,111
1,112
1,113
4,114
1,115
4,116
3,117
4,118
1,119
4,120
1,121
4,122
3,123
2,124
4,125
1,126
0,127
3,128
0,129
2,130
3,131
3,132
4,133
2,134
2,135
2,136
3,137
3,138
0,139
2,140
2,141
1,142
1,143
4,144
1,145
2,146
1,147
4,148
3,149
1,150
0,151
1,152
4,153
3,154
1,155
1,156
2,157
0,158
3,159
3,160
1,161
3,162
0,163
2,164
4,165
2,166
2,167
2,168
2,169
3,170
3,171
2,172
0,173
0,174
4,175
1,176
0,177
4,178
4,179
0,180
3,181
3,182
4,183
1,184
0,185
0,186
4,187
3,188
1,189
0,190
3,191
0,192
4,193
1,194
2,195
2,196
3,197
4,198
3,199
4,200
1,201
4,202
4,203
3,204
1,205
1,206
2,207
1,208
1,209
1,210
1,211
4,212
3,213
1,214
3,215
4,216
1,217
0,218
2,219
4,220
4,221
1,222
1,223
3,224
2,225
2,226
2,227
3,228
4,229
3,230
3,231
4,232
4,233
4,234
0,235
0,236
4,237
1,238
4,239
1,240
0,241
2,242
4,243
1,244
4,245
1,246
1,247
1,248
1,249
2,250
2,251
3,252
3,253
3,254
4,255
1,256
3,257
1,258
1,259
4,260
3,261
4,262
3,263
3,264
1,265
0,266
1,267
3,268
1,269
2,270
2,271
4,272
2,273
4,274
0,275
3,276
4,277
3,278
3,279
1,280
3,281
1,282
4,283
1,284
4,285
2,286
1,287
4,288
3,289
0,290
3,291
0,292
1,293
1,294
0,295
3,296
3,297
4,298
3,299
1,300
4,301
1,302
1,303
3,304
2,305
3,306
1,307
0,308
4,309
3,310
2,311
3,312
2,313
3,314
4,315
3,316
3,317
3,318
1,319
1,320
3,321
4,322
3,323
0,324
4,325
2,326
4,327
1,328
1,329
3,330
3,331
1,332
2,333
0,334
4,335
2,336
4,337
2,338
1,339
1,340
0,341
1,342
0,343
3,344
4,345
4,346
4,347
4,348
3,349
3,350
2,351
4,352
0,353
4,354
2,355
0,356
2,357
1,358
4,359
1,360
0,361
3,362
2,363
2,364
4,365
3,366
0,367
1,368
4,369
2,370
3,371
2,372
2,373
3,374
0,375
0,376
2,377
3,378
4,379
2,380
0,381
1,382
1,383
3,384
3,385
0,386
3,387
4,388
1,389
0,390
1,391
1,392
3,393
0,394
4,395
1,396
4,397
3,398
4,399
0,400
4,401
0,402
0,403
1,404
0,405
4,406
1,407
3,408
0,409
3,410
4,411
1,412
2,413
2,414
1,415
2,416
1,417
3,418
3,419
1,420
4,421
3,422
0,423
4,424
4,425
2,426
1,427
2,428
1,429
4,430
2,431
1,432
2,433
3,434
1,435
1,436
4,437
2,438
2,439
3,440
1,441
3,442
4,443
0,444
1,445
4,446
3,447
4,448
3,449
4,450
3,451
1,452
3,453
1,454
1,455
2,456
1,457
0,458
4,459
2,460
1,461
3,462
4,463
2,464
2,465
4,466
1,467
4,468
1,469
1,470
1,471
1,472
1,473
1,474
0,475
4,476
3,477
3,478
0,479
1,480
2,481
3,482
0,483
3,484
3,485
1,486
4,487
2,488
1,489
4,490
3,491
1,492
3,493
0,494
3,495
4,496
2,497
1,498
0,499
3,500
4,501
1,502
4,503
2,504
4,505
4,506
1,507
3,508
3,509
4,510
3,511
4,512
1,513
3,514
1,515
2,516
4,517
4,518
4,519
1,520
4,521
0,522
4,523
4,524
0,525
2,526
1,527
4,528
1,529
0,530
3,531
2,532
0,533
2,534
4,535
0,536
4,537
4,538
3,539
1,540
1,541
3,542
4,543
4,544
4,545
4,546
3,547
3,548
2,549
1,550
0,551
1,552
0,553
4,554
0,555
4,556
2,557
2,558
4,559
1,560
4,561
2,562
3,563
0,564
0,565
1,566
0,567
3,568
1,569
1,570
4,571
4,572
3,573
3,574
3,575
0,576
1,577
4,578
4,579
2,580
4,581
1,582
2,583
2,584
2,585
3,586
4,587
4,588
1,589
0,590
4,591
0,592
1,593
4,594
3,595
4,596
4,597
4,598
1,599
1,600
2,601
4,602
2,603
2,604
3,605
3,606
4,607
1,608
1,609
4,610
1,611
0,612
4,613
1,614
4,615
4,616
3,617
3,618
1,619
4,620
1,621
3,622
4,623
1,624
1,625
0,626
4,627
0,628
3,629
3,630
1,631
1,632
0,633
1,634
1,635
4,636
2,637
0,638
2,639
3,640
3,641
2,642
1,643
3,644
1,645
4,646
0,647
4,648
3,649
1,650
0,651
3,652
4,653
2,654
1,655
2,656
3,657
1,658
2,659
3,660
1,661
3,662
4,663
0,664
2,665
1,666
4,667
1,668
4,669
1,670
4,671
1,672
0,673
2,674
3,675
1,676
3,677
4,678
2,679
3,680
2,681
3,682
1,683
0,684
3,685
1,686
1,687
4,688
3,689
2,690
1,691
3,692
4,693
1,694
3,695
1,696
2,697
3,698
3,699
4,700
2,701
1,702
0,703
0,704
2,705
1,706
1,707
1,708
0,709
3,710
1,711
3,712
4,713
4,714
1,715
2,716
2,717
4,718
2,719
4,720
3,721
2,722
4,723
3,724
2,725
3,726
4,727
1,728
4,729
4,730
4,731
1,732
1,733
2,734
0,735
2,736
4,737
1,738
3,739
1,740
0,741
4,742
1,743
4,744
1,745
4,746
2,747
0,748
1,749
1,750
0,751
4,752
0,753
4,754
4,755
4,756
3,757
4,758
3,759
4,760
3,761
3,762
3,763
1,764
0,765
0,766
3,767
1,768
2,769
1,770
1,771
4,772
4,773
2,774
3,775
1,776
4,777
1,778
1,779
4,780
1,781
4,782
2,783
0,784
0,785
2,786
4,787
1,788
2,789
4,790
1,791
0,792
3,793
0,794
0,795
1,796
2,797
4,798
0,799
3,800
1,801
3,802
0,803
0,804
0,805
1,806
1,807
4,808
3,809
3,810
2,811
3,812
3,813
4,814
3,815
2,816
1,817
2,818
0,819
0,820
4,821
4,822
0,823
0,824
4,825
3,826
4,827
4,828
2,829
2,830
2,831
2,832
1,833
4,834
4,835
1,836
3,837
0,838
1,839
3,840
4,841
3,842
3,843
3,844
3,845
1,846
0,847
3,848
4,849
2,850
4,851
4,852
1,853
0,854
3,855
1,856
3,857
1,858
3,859
0,860
2,861
2,862
1,863
3,864
4,865
2,866
0,867
4,868
4,869
4,870
4,871
3,872
3,873
4,874
1,875
2,876
0,877
2,878
0,879
4,880
0,881
1,882
1,883
3,884
3,885
1,886
4,887
3,888
4,889
4,890
1,891
2,892
3,893
1,894
1,895
2,896
2,897
4,898
0,899
1,900
3,901
2,902
3,903
2,904
2,905
4,906
0,907
4,908
0,909
4,910
3,911
3,912
4,913
0,914
4,915
4,916
2,917
2,918
4,919
4,920
4,921
1,922
1,923
4,924
4,925
4,926
4,927
1,928
4,929
4,930
0,931
4,932
4,933
1,934
2,935
4,936
1,937
1,938
3,939
4,940
2,941
1,942
4,943
1,944
4,945
3,946
1,947
4,948
1,949
2,950
4,951
2,952
1,953
3,954
3,955
3,956
3,957
4,958
0,959
1,960
2,961
1,962
3,963
1,964
1,965
2,966
4,967
3,968
4,969
3,970
3,971
3,972
3,973
2,974
3,975
1,976
0,977
3,978
1,979
3,980
2,981
1,982
3,983
2,984
0,985
3,986
4,987
3,988
4,989
4,990
4,991
3,992
3,993
2,994
1,995
4,996
1,997
4,998
3,999
1,1000
3,1001
2,1002
0,1003
1,1004
2,1005
1,1006
1,1007
1,1008
3,1009
3,1010
4,1011
0,1012
0,1013
4,1014
1,1015
4,1016
0,1017
2,1018
4,1019
1,1020
4,1021
1,1022
4,1023
0,1024
4,1025
4,1026
2,1027
0,1028
3,1029
3,1030
1,1031
3,1032
3,1033
4,1034
1,1035
0,1036
3,1037
4,1038
1,1039
0,1040
1,1041
2,1042
3,1043
3,1044
0,1045
4,1046
2,1047
1,1048
4,1049
1,1050
4,1051
3,1052
1,1053
4,1054
4,1055
1,1056
3,1057
0,1058
3,1059
2,1060
0,1061
1,1062
1,1063
4,1064
3,1065
4,1066
0,1067
0,1068
4,1069
3,1070
1,1071
1,1072
0,1073
3,1074
2,1075
2,1076
1,1077
0,1078
4,1079
1,1080
3,1081
4,1082
0,1083
2,1084
0,1085
3,1086
4,1087
3,1088
3,1089
3,1090
0,1091
4,1092
0,1093
3,1094
0,1095
4,1096
4,1097
3,1098
4,1099
2,1100
3,1101
2,1102
4,1103
4,1104
3,1105
3,1106
4,1107
0,1108
0,1109
3,1110
1,1111
0,1112
3,1113
3,1114
3,1115
4,1116
1,1117
4,1118
0,1119
1,1120
1,1121
1,1122
2,1123
1,1124
2,1125
4,1126
4,1127
4,1128
3,1129
1,1130
0,1131
3,1132
1,1133
3,1134
1,1135
4,1136
0,1137
4,1138
3,1139
4,1140
1,1141
1,1142
4,1143
0,1144
1,1145
1,1146
4,1147
4,1148
3,1149
4,1150
0,1151
0,1152
3,1153
3,1154
0,1155
2,1156
0,1157
4,1158
1,1159
4,1160
0,1161
3,1162
2,1163
3,1164
3,1165
4,1166
2,1167
1,1168
4,1169
3,1170
0,1171
3,1172
0,1173
3,1174
0,1175
0,1176
1,1177
4,1178
1,1179
2,1180
3,1181
4,1182
2,1183
3,1184
1,1185
3,1186
3,1187
0,1188
0,1189
0,1190
3,1191
3,1192
1,1193
3,1194
4,1195
3,1196
3,1197
2,1198
0,1199
0,1200
2,1201
0,1202
2,1203
2,1204
0,1205
4,1206
1,1207
3,1208
0,1209
2,1210
3,1211
3,1212
0,1213
3,1214
4,1215
3,1216
0,1217
1,1218
1,1219
4,1220
3,1221
3,1222
1,1223
4,1224
1,1225
2,1226
1,1227
3,1228
1,1229
1,1230
1,1231
4,1232
1,1233
3,1234
4,1235
3,1236
1,1237
1,1238
2,1239
4,1240
3,1241
1,1242
1,1243
4,1244
1,1245
4,1246
3,1247
3,1248
1,1249
1,1250
1,1251
0,1252
0,1253
2,1254
2,1255
4,1256
3,1257
1,1258
3,1259
2,1260
4,1261
0,1262
4,1263
4,1264
3,1265
3,1266
0,1267
3,1268
3,1269
4,1270
1,1271
1,1272
3,1273
1,1274
1,1275
4,1276
3,1277
2,1278
1,1279
2,1280
1,1281
4,1282
2,1283
1,1284
4,1285
4,1286
3,1287
1,1288
2,1289
1,1290
2,1291
4,1292
3,1293
1,1294
0,1295
3,1296
2,1297
0,1298
4,1299
4,1300
4,1301
0,1302
3,1303
1,1304
0,1305
3,1306
3,1307
2,1308
3,1309
0,1310
0,1311
1,1312
0,1313
3,1314
1,1315
0,1316
4,1317
1,1318
1,1319
2,1320
3,1321
2,1322
2,1323
0,1324
4,1325
4,1326
2,1327
4,1328
3,1329
2,1330
4,1331
1,1332
3,1333
0,1334
1,1335
4,1336
1,1337
0,1338
3,1339
3,1340
0,1341
4,1342
0,1343
1,1344
3,1345
0,1346
2,1347
4,1348
2,1349
1,1350
1,1351
4,1352
0,1353
4,1354
0,1355
2,1356
1,1357
4,1358
2,1359
4,1360
2,1361
1,1362
4,1363
0,1364
2,1365
0,1366
0,1367
3,1368
1,1369
2,1370
3,1371
1,1372
0,1373
3,1374
4,1375
0,1376
4,1377
0,1378
3,1379
2,1380
1,1381
0,1382
1,1383
2,1384
0,1385
3,1386
2,1387
3,1388
3,1389
1,1390
0,1391
1,1392
4,1393
1,1394
1,1395
2,1396
4,1397
4,1398
4,1399
0,1400
1,1401
0,1402
0,1403
1,1404
4,1405
3,1406
0,1407
4,1408
4,1409
3,1410
1,1411
1,1412
0,1413
1,1414
2,1415
3,1416
1,1417
3,1418
4,1419
2,1420
3,1421
1,1422
1,1423
3,1424
4,1425
1,1426
4,1427
4,1428
4,1429
4,1430
2,1431
3,1432
4,1433
2,1434
4,1435
3,1436
2,1437
1,1438
4,1439
1,1440
1,1441
2,1442
1,1443
4,1444
0,1445
3,1446
3,1447
1,1448
1,1449
0,1450
3,1451
2,1452
4,1453
4,1454
3,1455
4,1456
1,1457
3,1458
4,1459
1,1460
0,1461
3,1462
1,1463
4,1464
4,1465
1,1466
4,1467
1,1468
1,1469
3,1470
3,1471
2,1472
0,1473
0,1474
4,1475
2,1476
1,1477
4,1478
0,1479
1,1480
0,1481
4,1482
4,1483
4,1484
1,1485
1,1486
1,1487
1,1488
0,1489
1,1490
0,1491
0,1492
4,1493
2,1494
0,1495
0,1496
1,1497
3,1498
1,1499
1,1500
2,1501
3,1502
2,1503
2,1504
4,1505
2,1506
4,1507
1,1508
1,1509
0,1510
1,1511
4,1512
0,1513
1,1514
0,1515
3,1516
0,1517
4,1518
2,1519
3,1520
3,1521
1,1522
1,1523
2,1524
3,1525
1,1526
0,1527
0,1528
3,1529
3,1530
2,1531
0,1532
2,1533
3,1534
1,1535
2,1536
2,1537
3,1538
1,1539
3,1540
3,1541
0,1542
3,1543
1,1544
4,1545
0,1546
0,1547
1,1548
0,1549
3,1550
0,1551
0,1552
0,1553
3,1554
3,1555
4,1556
1,1557
4,1558
1,1559
3,1560
4,1561
0,1562
0,1563
1,1564
4,1565
4,1566
1,1567
4,1568
4,1569
3,1570
1,1571
1,1572
1,1573
2,1574
2,1575
4,1576
4,1577
1,1578
1,1579
0,1580
4,1581
2,1582
3,1583
0,1584
3,1585
1,1586
2,1587
3,1588
1,1589
4,1590
1,1591
2,1592
2,1593
3,1594
2,1595
0,1596
0,1597
4,1598
4,1599
1,1600
0,1601
0,1602
2,1603
1,1604
1,1605
0,1606
1,1607
0,1608
0,1609
0,1610
3,1611
4,1612
0,1613
1,1614
1,1615
1,1616
2,1617
3,1618
4,1619
1,1620
0,1621
1,1622
4,1623
3,1624
3,1625
1,1626
2,1627
3,1628
3,1629
3,1630
1,1631
4,1632
4,1633
1,1634
1,1635
1,1636
4,1637
1,1638
3,1639
4,1640
4,1641
3,1642
3,1643
0,1644
1,1645
1,1646
0,1647
4,1648
2,1649
1,1650
2,1651
2,1652
0,1653
0,1654
3,1655
0,1656
0,1657
4,1658
4,1659
2,1660
0,1661
2,1662
2,1663
0,1664
3,1665
2,1666
0,1667
1,1668
2,1669
0,1670
0,1671
3,1672
1,1673
0,1674
0,1675
2,1676
3,1677
3,1678
3,1679
1,1680
2,1681
3,1682
1,1683
3,1684
1,1685
2,1686
1,1687
1,1688
1,1689
3,1690
4,1691
1,1692
2,1693
4,1694
4,1695
3,1696
2,1697
3,1698
2,1699
1,1700
4,1701
0,1702
3,1703
4,1704
1,1705
1,1706
3,1707
1,1708
3,1709
2,1710
3,1711
3,1712
1,1713
1,1714
1,1715
4,1716
1,1717
3,1718
1,1719
4,1720
1,1721
4,1722
0,1723
4,1724
4,1725
2,1726
1,1727
3,1728
3,1729
4,1730
2,1731
4,1732
1,1733
2,1734
0,1735
1,1736
3,1737
1,1738
0,1739
2,1740
1,1741
4,1742
4,1743
3,1744
3,1745
1,1746
1,1747
2,1748
0,1749
2,1750
1,1751
1,1752
3,1753
1,1754
0,1755
3,1756
3,1757
4,1758
1,1759
1,1760
1,1761
1,1762
3,1763
1,1764
2,1765
1,1766
3,1767
3,1768
1,1769
4,1770
3,1771
1,1772
1,1773
4,1774
4,1775
4,1776
1,1777
1,1778
2,1779
1,1780
4,1781
3,1782
1,1783
2,1784
1,1785
0,1786
4,1787
4,1788
1,1789
1,1790
4,1791
4,1792
4,1793
3,1794
4,1795
3,1796
4,1797
1,1798
3,1799
4,1800
4,1801
3,1802
4,1803
1,1804
1,1805
3,1806
4,1807
4,1808
1,1809
4,1810
2,1811
1,1812
4,1813
3,1814
0,1815
4,1816
1,1817
4,1818
3,1819
1,1820
3,1821
4,1822
0,1823
3,1824
0,1825
4,1826
0,1827
3,1828
1,1829
3,1830
4,1831
4,1832
3,1833
0,1834
4,1835
0,1836
1,1837
3,1838
3,1839
0,1840
3,1841
2,1842
1,1843
0,1844
0,1845
4,1846
3,1847
0,1848
1,1849
3,1850
2,1851
4,1852
1,1853
1,1854
2,1855
3,1856
1,1857
1,1858
2,1859
1,1860
1,1861
1,1862
4,1863
2,1864
1,1865
1,1866
0,1867
3,1868
1,1869
3,1870
3,1871
4,1872
3,1873
3,1874
1,1875
2,1876
4,1877
4,1878
3,1879
4,1880
4,1881
0,1882
1,1883
1,1884
4,1885
1,1886
1,1887
2,1888
4,1889
0,1890
3,1891
4,1892
1,1893
2,1894
2,1895
0,1896
3,1897
3,1898
1,1899
4,1900
2,1901
2,1902
1,1903
1,1904
4,1905
2,1906
3,1907
4,1908
2,1909
2,1910
4,1911
1,1912
2,1913
0,1914
4,1915
0,1916
4,1917
0,1918
4,1919
3,1920
0,1921
4,1922
1,1923
1,1924
2,1925
3,1926
3,1927
4,1928
0,1929
3,1930
4,1931
2,1932
1,1933
3,1934
2,1935
0,1936
0,1937
2,1938
2,1939
4,1940
3,1941
3,1942
4,1943
3,1944
4,1945
3,1946
4,1947
3,1948
4,1949
0,1950
4,1951
3,1952
1,1953
4,1954
3,1955
0,1956
3,1957
4,1958
1,1959
2,1960
0,1961
4,1962
2,1963
3,1964
0,1965
4,1966
2,1967
0,1968
1,1969
0,1970
1,1971
4,1972
4,1973
3,1974
2,1975
3,1976
4,1977
4,1978
0,1979
2,1980
4,1981
2,1982
2,1983
0,1984
3,1985
1,1986
0,1987
4,1988
3,1989
0,1990
4,1991
1,1992
3,1993
4,1994
0,1995
1,1996
1,1997
0,1998
2,1999
4,2000
4,2001
3,2002
1,2003
4,2004
4,2005
1,2006
3,2007
3,2008
3,2009
2,2010
4,2011
3,2012
0,2013
3,2014
4,2015
3,2016
3,2017
4,2018
1,2019
1,2020
2,2021
3,2022
0,2023
4,2024
2,2025
2,2026
3,2027
2,2028
0,2029
3,2030
3,2031
2,2032
0,2033
3,2034
4,2035
2,2036
4,2037
0,2038
1,2039
1,2040
4,2041
0,2042
1,2043
4,2044
3,2045
4,2046
2,2047
3,2048
3,2049
1,2050
3,2051
0,2052
1,2053
4,2054
4,2055
1,2056
4,2057
4,2058
0,2059
2,2060
2,2061
4,2062
4,2063
0,2064
3,2065
1,2066
2,2067
4,2068
4,2069
1,2070
4,2071
2,2072
3,2073
1,2074
2,2075
3,2076
3,2077
0,2078
0,2079
2,2080
3,2081
4,2082
1,2083
3,2084
0,2085
4,2086
3,2087
2,2088
4,2089
3,2090
3,2091
4,2092
3,2093
4,2094
0,2095
1,2096
4,2097
4,2098
1,2099
3,2100
1,2101
1,2102
3,2103
0,2104
3,2105
0,2106
4,2107
0,2108
1,2109
4,2110
4,2111
3,2112
3,2113
0,2114
0,2115
4,2116
1,2117
1,2118
4,2119
2,2120
3,2121
3,2122
0,2123
3,2124
3,2125
2,2126
3,2127
3,2128
4,2129
2,2130
0,2131
3,2132
4,2133
0,2134
4,2135
4,2136
1,2137
1,2138
1,2139
2,2140
4,2141
1,2142
2,2143
4,2144
0,2145
3,2146
3,2147
4,2148
1,2149
4,2150
3,2151
2,2152
1,2153
2,2154
1,2155
1,2156
4,2157
4,2158
3,2159
4,2160
1,2161
4,2162
2,2163
0,2164
2,2165
1,2166
1,2167
0,2168
4,2169
4,2170
3,2171
4,2172
2,2173
3,2174
4,2175
2,2176
1,2177
0,2178
0,2179
3,2180
2,2181
4,2182
1,2183
3,2184
3,2185
0,2186
4,2187
3,2188
2,2189
3,2190
1,2191
1,2192
1,2193
3,2194
4,2195
4,2196
4,2197
3,2198
4,2199
0,2200
1,2201
4,2202
4,2203
4,2204
2,2205
0,2206
2,2207
1,2208
1,2209
4,2210
1,2211
2,2212
4,2213
1,2214
3,2215
2,2216
4,2217
1,2218
0,2219
3,2220
3,2221
1,2222
2,2223
1,2224
0,2225
4,2226
1,2227
0,2228
1,2229
4,2230
1,2231
3,2232
2,2233
3,2234
4,2235
4,2236
1,2237
0,2238
4,2239
0,2240
0,2241
1,2242
4,2243
4,2244
2,2245
1,2246
1,2247
4,2248
0,2249
4,2250
0,2251
3,2252
4,2253
4,2254
4,2255
3,2256
1,2257
4,2258
2,2259
0,2260
0,2261
1,2262
2,2263
0,2264
4,2265
0,2266
3,2267
3,2268
2,2269
1,2270
0,2271
3,2272
0,2273
2,2274
4,2275
0,2276
1,2277
4,2278
2,2279
1,2280
3,2281
1,2282
1,2283
0,2284
2,2285
1,2286
4,2287
4,2288
3,2289
3,2290
0,2291
3,2292
2,2293
1,2294
4,2295
1,2296
4,2297
1,2298
1,2299
3,2300
3,2301
0,2302
4,2303
2,2304
4,2305
0,2306
1,2307
4,2308
4,2309
1,2310
3,2311
0,2312
0,2313
3,2314
2,2315
4,2316
4,2317
3,2318
4,2319
3,2320
3,2321
2,2322
1,2323
1,2324
4,2325
1,2326
3,2327
0,2328
1,2329
1,2330
1,2331
2,2332
3,2333
3,2334
2,2335
3,2336
4,2337
3,2338
0,2339
4,2340
2,2341
1,2342
0,2343
2,2344
3,2345
2,2346
3,2347
4,2348
4,2349
3,2350
3,2351
2,2352
4,2353
3,2354
3,2355
3,2356
2,2357
1,2358
1,2359
4,2360
1,2361
1,2362
3,2363
0,2364
1,2365
0,2366
1,2367
4,2368
3,2369
0,2370
1,2371
1,2372
2,2373
2,2374
0,2375
4,2376
0,2377
4,2378
0,2379
1,2380
0,2381
1,2382
3,2383
0,2384
4,2385
3,2386
3,2387
2,2388
4,2389
0,2390
1,2391
3,2392
1,2393
4,2394
0,2395
4,2396
2,2397
1,2398
3,2399
1,2400
4,2401
1,2402
1,2403
3,2404
2,2405
4,2406
0,2407
2,2408
0,2409
3,2410
2,2411
0,2412
4,2413
0,2414
1,2415
1,2416
3,2417
4,2418
4,2419
3,2420
4,2421
3,2422
1,2423
0,2424
2,2425
1,2426
1,2427
3,2428
1,2429
4,2430
0,2431
2,2432
3,2433
3,2434
0,2435
1,2436
1,2437
4,2438
0,2439
3,2440
1,2441
1,2442
0,2443
1,2444
2,2445
3,2446
3,2447
4,2448
4,2449
1,2450
1,2451
3,2452
3,2453
4,2454
0,2455
0,2456
1,2457
1,2458
3,2459
4,2460
4,2461
0,2462
1,2463
4,2464
3,2465
0,2466
0,2467
3,2468
0,2469
4,2470
4,2471
3,2472
3,2473
1,2474
2,2475
2,2476
0,2477
0,2478
2,2479
2,2480
2,2481
3,2482
4,2483
1,2484
1,2485
4,2486
4,2487
2,2488
4,2489
1,2490
1,2491
4,2492
0,2493
0,2494
1,2495
2,2496
0,2497
2,2498
4,2499
2,2500
3,2501
3,2502
1,2503
4,2504
1,2505
1,2506
1,2507
0,2508
2,2509
4,2510
0,2511
3,2512
1,2513
4,2514
0,2515
1,2516
3,2517
0,2518
3,2519
4,2520
4,2521
3,2522
2,2523
1,2524
4,2525
1,2526
1,2527
0,2528
2,2529
4,2530
1,2531
1,2532
4,2533
1,2534
4,2535
3,2536
1,2537
3,2538
4,2539
3,2540
0,2541
0,2542
0,2543
3,2544
2,2545
0,2546
0,2547
0,2548
2,2549
1,2550
1,2551
2,2552
1,2553
4,2554
3,2555
0,2556
0,2557
1,2558
3,2559
3,2560
0,2561
1,2562
3,2563
0,2564
1,2565
0,2566
3,2567
3,2568
1,2569
1,2570
3,2571
1,2572
3,2573
0,2574
0,2575
3,2576
0,2577
3,2578
0,2579
2,2580
1,2581
4,2582
3,2583
2,2584
2,2585
4,2586
1,2587
4,2588
1,2589
4,2590
1,2591
4,2592
4,2593
4,2594
1,2595
2,2596
0,2597
4,2598
3,2599
4,2600
4,2601
1,2602
4,2603
0,2604
4,2605
1,2606
1,2607
0,2608
1,2609
1,2610
3,2611
0,2612
0,2613
0,2614
0,2615
1,2616
0,2617
3,2618
1,2619
3,2620
3,2621
1,2622
0,2623
1,2624
3,2625
2,2626
3,2627
1,2628
3,2629
2,2630
1,2631
4,2632
0,2633
3,2634
4,2635
1,2636
0,2637
4,2638
1,2639
1,2640
4,2641
3,2642
1,2643
1,2644
4,2645
4,2646
3,2647
1,2648
2,2649
3,2650
0,2651
4,2652
4,2653
0,2654
1,2655
4,2656
3,2657
4,2658
0,2659
2,2660
4,2661
1,2662
1,2663
0,2664
0,2665
0,2666
2,2667
1,2668
3,2669
0,2670
4,2671
3,2672
3,2673
1,2674
3,2675
0,2676
2,2677
1,2678
1,2679
4,2680
3,2681
0,2682
3,2683
3,2684
2,2685
4,2686
4,2687
1,2688
4,2689
0,2690
0,2691
2,2692
2,2693
0,2694
3,2695
2,2696
4,2697
1,2698
3,2699
3,2700
4,2701
1,2702
1,2703
0,2704
1,2705
1,2706
1,2707
3,2708
1,2709
0,2710
3,2711
1,2712
0,2713
3,2714
1,2715
2,2716
4,2717
2,2718
0,2719
4,2720
1,2721
3,2722
3,2723
0,2724
4,2725
1,2726
3,2727
2,2728
0,2729
4,2730
3,2731
4,2732
2,2733
3,2734
2,2735
3,2736
0,2737
0,2738
2,2739
4,2740
0,2741
3,2742
1,2743
0,2744
1,2745
1,2746
1,2747
0,2748
2,2749
0,2750
3,2751
1,2752
1,2753
0,2754
3,2755
0,2756
1,2757
4,2758
3,2759
3,2760
3,2761
0,2762
0,2763
0,2764
1,2765
0,2766
2,2767
3,2768
2,2769
1,2770
1,2771
3,2772
2,2773
2,2774
1,2775
1,2776
1,2777
3,2778
1,2779
0,2780
1,2781
0,2782
1,2783
4,2784
1,2785
2,2786
0,2787
0,2788
4,2789
4,2790
4,2791
4,2792
0,2793
3,2794
3,2795
1,2796
1,2797
1,2798
2,2799
1,2800
2,2801
1,2802
0,2803
0,2804
1,2805
0,2806
3,2807
3,2808
1,2809
1,2810
1,2811
1,2812
3,2813
2,2814
3,2815
4,2816
3,2817
3,2818
3,2819
0,2820
1,2821
1,2822
1,2823
0,2824
2,2825
0,2826
2,2827
2,2828
0,2829
4,2830
3,2831
0,2832
0,2833
3,2834
3,2835
3,2836
1,2837
1,2838
4,2839
0,2840
3,2841
0,2842
2,2843
0,2844
4,2845
3,2846
1,2847
1,2848
4,2849
4,2850
3,2851
0,2852
4,2853
0,2854
4,2855
1,2856
4,2857
1,2858
4,2859
0,2860
1,2861
2,2862
0,2863
0,2864
3,2865
3,2866
1,2867
3,2868
0,2869
2,2870
3,2871
3,2872
4,2873
3,2874
2,2875
4,2876
4,2877
1,2878
3,2879
0,2880
1,2881
3,2882
3,2883
4,2884
3,2885
1,2886
3,2887
3,2888
0,2889
4,2890
0,2891
4,2892
4,2893
3,2894
1,2895
2,2896
1,2897
1,2898
3,2899
3,2900
3,2901
0,2902
1,2903
3,2904
2,2905
0,2906
4,2907
0,2908
2,2909
1,2910
0,2911
3,2912
4,2913
0,2914
0,2915
3,2916
1,2917
0,2918
0,2919
4,2920
0,2921
0,2922
4,2923
2,2924
3,2925
0,2926
0,2927
3,2928
3,2929
3,2930
3,2931
4,2932
2,2933
2,2934
1,2935
1,2936
0,2937
4,2938
3,2939
3,2940
4,2941
3,2942
4,2943
4,2944
2,2945
1,2946
3,2947
2,2948
0,2949
4,2950
4,2951
2,2952
0,2953
0,2954
0,2955
1,2956
2,2957
1,2958
1,2959
4,2960
4,2961
4,2962
2,2963
1,2964
1,2965
1,2966
3,2967
0,2968
3,2969
4,2970
3,2971
3,2972
2,2973
1,2974
1,2975
3,2976
1,2977
0,2978
1,2979
4,2980
3,2981
1,2982
1,2983
4,2984
0,2985
3,2986
0,2987
1,2988
0,2989
3,2990
3,2991
2,2992
1,2993
4,2994
3,2995
3,2996
3,2997
0,2998
3,2999
2,3000
3,3001
1,3002
4,3003
1,3004
4,3005
0,3006
4,3007
3,3008
0,3009
2,3010
3,3011
4,3012
3,3013
2,3014
2,3015
2,3016
3,3017
2,3018
0,3019
3,3020
3,3021
4,3022
1,3023
3,3024
2,3025
4,3026
3,3027
3,3028
3,3029
4,3030
3,3031
4,3032
1,3033
2,3034
3,3035
1,3036
3,3037
3,3038
0,3039
1,3040
0,3041
2,3042
0,3043
2,3044
1,3045
3,3046
1,3047
1,3048
3,3049
0,3050
1,3051
4,3052
3,3053
1,3054
1,3055
4,3056
1,3057
0,3058
4,3059
3,3060
3,3061
3,3062
3,3063
1,3064
0,3065
2,3066
4,3067
0,3068
4,3069
3,3070
3,3071
1,3072
3,3073
1,3074
3,3075
0,3076
0,3077
4,3078
0,3079
3,3080
3,3081
1,3082
3,3083
3,3084
3,3085
2,3086
4,3087
1,3088
2,3089
4,3090
2,3091
1,3092
2,3093
2,3094
3,3095
0,3096
4,3097
1,3098
0,3099
3,3100
2,3101
0,3102
4,3103
3,3104
3,3105
2,3106
2,3107
0,3108
1,3109
3,3110
4,3111
0,3112
1,3113
0,3114
3,3115
1,3116
3,3117
4,3118
4,3119
4,3120
2,3121
4,3122
2,3123
3,3124
0,3125
1,3126
0,3127
2,3128
3,3129
0,3130
1,3131
3,3132
4,3133
0,3134
1,3135
0,3136
3,3137
3,3138
3,3139
1,3140
1,3141
2,3142
2,3143
0,3144
3,3145
0,3146
2,3147
1,3148
0,3149
4,3150
4,3151
3,3152
2,3153
0,3154
0,3155
2,3156
2,3157
3,3158
3,3159
1,3160
3,3161
0,3162
4,3163
1,3164
1,3165
3,3166
3,3167
1,3168
0,3169
4,3170
3,3171
3,3172
3,3173
3,3174
4,3175
3,3176
1,3177
1,3178
1,3179
4,3180
1,3181
0,3182
3,3183
1,3184
0,3185
2,3186
0,3187
0,3188
1,3189
3,3190
2,3191
4,3192
3,3193
1,3194
4,3195
3,3196
3,3197
4,3198
2,3199
0,3200
2,3201
4,3202
3,3203
1,3204
4,3205
1,3206
3,3207
3,3208
3,3209
3,3210
4,3211
1,3212
4,3213
1,3214
4,3215
0,3216
1,3217
1,3218
3,3219
4,3220
3,3221
3,3222
2,3223
3,3224
2,3225
0,3226
1,3227
3,3228
4,3229
0,3230
4,3231
4,3232
2,3233
2,3234
2,3235
3,3236
4,3237
4,3238
4,3239
4,3240
3,3241
4,3242
4,3243
2,3244
1,3245
4,3246
3,3247
3,3248
2,3249
0,3250
0,3251
3,3252
1,3253
3,3254
1,3255
3,3256
2,3257
1,3258
0,3259
3,3260
4,3261
1,3262
4,3263
0,3264
4,3265
2,3266
1,3267
3,3268
0,3269
0,3270
2,3271
4,3272
1,3273
3,3274
0,3275
3,3276
1,3277
1,3278
1,3279
1,3280
3,3281
0,3282
1,3283
2,3284
4,3285
3,3286
4,3287
4,3288
3,3289
4,3290
1,3291
4,3292
1,3293
0,3294
0,3295
3,3296
3,3297
2,3298
1,3299
4,3300
2,3301
1,3302
3,3303
0,3304
1,3305
3,3306
4,3307
0,3308
3,3309
2,3310
4,3311
4,3312
4,3313
1,3314
2,3315
1,3316
0,3317
4,3318
3,3319
4,3320
3,3321
3,3322
2,3323
4,3324
3,3325
3,3326
4,3327
3,3328
4,3329
3,3330
3,3331
4,3332
1,3333
4,3334
0,3335
4,3336
4,3337
1,3338
3,3339
0,3340
1,3341
1,3342
3,3343
1,3344
1,3345
4,3346
1,3347
1,3348
0,3349
4,3350
1,3351
4,3352
4,3353
4,3354
4,3355
3,3356
1,3357
3,3358
1,3359
1,3360
2,3361
2,3362
0,3363
3,3364
1,3365
1,3366
3,3367
1,3368
0,3369
1,3370
4,3371
0,3372
1,3373
3,3374
2,3375
1,3376
2,3377
4,3378
3,3379
0,3380
3,3381
4,3382
1,3383
3,3384
3,3385
0,3386
0,3387
1,3388
4,3389
1,3390
2,3391
4,3392
3,3393
1,3394
1,3395
3,3396
3,3397
1,3398
4,3399
4,3400
3,3401
4,3402
4,3403
2,3404
4,3405
4,3406
4,3407
4,3408
1,3409
1,3410
0,3411
4,3412
1,3413
4,3414
0,3415
1,3416
1,3417
3,3418
3,3419
4,3420
0,3421
1,3422
2,3423
2,3424
2,3425
0,3426
1,3427
0,3428
3,3429
4,3430
2,3431
4,3432
2,3433
2,3434
2,3435
0,3436
4,3437
4,3438
1,3439
1,3440
1,3441
2,3442
1,3443
3,3444
1,3445
3,3446
2,3447
3,3448
0,3449
3,3450
2,3451
3,3452
3,3453
1,3454
1,3455
0,3456
3,3457
4,3458
0,3459
2,3460
3,3461
4,3462
3,3463
3,3464
1,3465
3,3466
2,3467
2,3468
1,3469
4,3470
0,3471
3,3472
4,3473
4,3474
1,3475
4,3476
4,3477
4,3478
3,3479
4,3480
1,3481
3,3482
4,3483
3,3484
4,3485
3,3486
3,3487
2,3488
1,3489
2,3490
4,3491
4,3492
3,3493
1,3494
4,3495
2,3496
3,3497
0,3498
2,3499
4,3500
4,3501
0,3502
4,3503
3,3504
3,3505
1,3506
2,3507
2,3508
0,3509
3,3510
4,3511
0,3512
3,3513
1,3514
1,3515
3,3516
0,3517
2,3518
4,3519
2,3520
0,3521
4,3522
1,3523
2,3524
1,3525
1,3526
1,3527
0,3528
0,3529
0,3530
3,3531
4,3532
2,3533
0,3534
3,3535
4,3536
4,3537
1,3538
1,3539
1,3540
3,3541
0,3542
4,3543
3,3544
4,3545
2,3546
3,3547
2,3548
4,3549
4,3550
1,3551
4,3552
4,3553
3,3554
4,3555
3,3556
3,3557
1,3558
4,3559
4,3560
4,3561
1,3562
2,3563
1,3564
2,3565
2,3566
2,3567
1,3568
2,3569
0,3570
2,3571
1,3572
2,3573
1,3574
1,3575
3,3576
0,3577
4,3578
3,3579
1,3580
3,3581
3,3582
4,3583
3,3584
3,3585
0,3586
4,3587
2,3588
4,3589
3,3590
4,3591
3,3592
2,3593
4,3594
0,3595
2,3596
3,3597
4,3598
3,3599
1,3600
2,3601
1,3602
4,3603
3,3604
2,3605
2,3606
3,3607
1,3608
1,3609
4,3610
3,3611
0,3612
1,3613
1,3614
3,3615
3,3616
3,3617
1,3618
1,3619
2,3620
0,3621
2,3622
4,3623
1,3624
0,3625
1,3626
3,3627
4,3628
4,3629
3,3630
3,3631
1,3632
4,3633
3,3634
1,3635
1,3636
4,3637
2,3638
3,3639
1,3640
2,3641
3,3642
0,3643
4,3644
1,3645
4,3646
1,3647
0,3648
0,3649
4,3650
0,3651
1,3652
3,3653
4,3654
2,3655
0,3656
3,3657
3,3658
2,3659
1,3660
4,3661
1,3662
0,3663
4,3664
4,3665
3,3666
1,3667
3,3668
3,3669
2,3670
2,3671
1,3672
1,3673
0,3674
1,3675
3,3676
4,3677
3,3678
0,3679
2,3680
1,3681
1,3682
3,3683
1,3684
3,3685
0,3686
0,3687
1,3688
4,3689
3,3690
3,3691
1,3692
1,3693
4,3694
1,3695
2,3696
0,3697
3,3698
0,3699
2,3700
1,3701
3,3702
3,3703
2,3704
3,3705
2,3706
4,3707
0,3708
1,3709
1,3710
4,3711
4,3712
2,3713
1,3714
1,3715
0,3716
2,3717
0,3718
0,3719
2,3720
3,3721
1,3722
1,3723
4,3724
4,3725
1,3726
2,3727
4,3728
2,3729
4,3730
4,3731
4,3732
1,3733
3,3734
0,3735
4,3736
4,3737
0,3738
0,3739
3,3740
1,3741
1,3742
4,3743
1,3744
1,3745
4,3746
4,3747
3,3748
3,3749
0,3750
1,3751
0,3752
4,3753
0,3754
4,3755
4,3756
3,3757
1,3758
3,3759
4,3760
4,3761
0,3762
0,3763
0,3764
0,3765
3,3766
4,3767
2,3768
0,3769
1,3770
1,3771
4,3772
3,3773
1,3774
0,3775
1,3776
1,3777
0,3778
2,3779
4,3780
0,3781
1,3782
3,3783
3,3784
4,3785
3,3786
3,3787
0,3788
1,3789
0,3790
2,3791
4,3792
1,3793
4,3794
2,3795
4,3796
2,3797
0,3798
4,3799
4,3800
4,3801
1,3802
0,3803
4,3804
3,3805
2,3806
1,3807
4,3808
4,3809
1,3810
3,3811
4,3812
0,3813
4,3814
0,3815
0,3816
1,3817
4,3818
0,3819
3,3820
0,3821
4,3822
3,3823
3,3824
4,3825
4,3826
1,3827
3,3828
3,3829
4,3830
3,3831
4,3832
3,3833
3,3834
4,3835
4,3836
4,3837
3,3838
1,3839
3,3840
0,3841
2,3842
2,3843
3,3844
0,3845
3,3846
4,3847
1,3848
0,3849
1,3850
1,3851
3,3852
2,3853
3,3854
1,3855
3,3856
3,3857
4,3858
1,3859
3,3860
3,3861
4,3862
0,3863
1,3864
3,3865
2,3866
1,3867
1,3868
4,3869
3,3870
1,3871
0,3872
1,3873
3,3874
1,3875
3,3876
2,3877
1,3878
0,3879
1,3880
1,3881
4,3882
4,3883
2,3884
4,3885
4,3886
0,3887
1,3888
4,3889
1,3890
1,3891
1,3892
1,3893
3,3894
1,3895
3,3896
3,3897
3,3898
1,3899
4,3900
1,3901
4,3902
2,3903
4,3904
1,3905
3,3906
1,3907
4,3908
1,3909
3,3910
3,3911
4,3912
1,3913
1,3914
3,3915
1,3916
4,3917
2,3918
0,3919
3,3920
0,3921
4,3922
3,3923
0,3924
2,3925
2,3926
0,3927
1,3928
2,3929
4,3930
2,3931
0,3932
1,3933
2,3934
1,3935
3,3936
3,3937
1,3938
4,3939
2,3940
3,3941
0,3942
3,3943
4,3944
3,3945
0,3946
1,3947
3,3948
3,3949
3,3950
4,3951
4,3952
2,3953
3,3954
2,3955
4,3956
1,3957
0,3958
0,3959
4,3960
2,3961
3,3962
1,3963
1,3964
3,3965
3,3966
4,3967
1,3968
3,3969
4,3970
4,3971
2,3972
2,3973
0,3974
1,3975
4,3976
1,3977
2,3978
1,3979
4,3980
4,3981
0,3982
1,3983
4,3984
2,3985
3,3986
2,3987
4,3988
3,3989
4,3990
0,3991
1,3992
2,3993
1,3994
3,3995
3,3996
0,3997
0,3998
0,3999
3,4000
1,4001
4,4002
3,4003
3,4004
2,4005
3,4006
4,4007
3,4008
4,4009
1,4010
1,4011
4,4012
3,4013
2,4014
1,4015
3,4016
0,4017
3,4018
1,4019
4,4020
0,4021
4,4022
4,4023
1,4024
1,4025
4,4026
4,4027
4,4028
4,4029
3,4030
4,4031
1,4032
2,4033
1,4034
1,4035
3,4036
3,4037
1,4038
0,4039
1,4040
1,4041
1,4042
4,4043
4,4044
1,4045
2,4046
2,4047
4,4048
1,4049
4,4050
0,4051
3,4052
0,4053
4,4054
1,4055
3,4056
1,4057
2,4058
3,4059
4,4060
0,4061
2,4062
3,4063
2,4064
2,4065
1,4066
2,4067
3,4068
1,4069
2,4070
3,4071
3,4072
4,4073
2,4074
1,4075
2,4076
3,4077
3,4078
2,4079
2,4080
0,4081
2,4082
1,4083
1,4084
4,4085
2,4086
2,4087
2,4088
4,4089
0,4090
2,4091
4,4092
4,4093
4,4094
3,4095
3,4096
1,4097
2,4098
3,4099
1,4100
4,4101
4,4102
4,4103
3,4104
2,4105
1,4106
4,4107
3,4108
0,4109
2,4110
4,4111
1,4112
3,4113
4,4114
4,4115
0,4116
3,4117
1,4118
1,4119
1,4120
3,4121
4,4122
0,4123
3,4124
3,4125
3,4126
0,4127
2,4128
0,4129
2,4130
4,4131
4,4132
4,4133
2,4134
1,4135
3,4136
1,4137
2,4138
3,4139
1,4140
2,4141
4,4142
1,4143
0,4144
3,4145
3,4146
2,4147
2,4148
3,4149
2,4150
1,4151
0,4152
1,4153
4,4154
4,4155
4,4156
1,4157
4,4158
1,4159
0,4160
0,4161
3,4162
4,4163
4,4164
1,4165
3,4166
4,4167
4,4168
1,4169
1,4170
4,4171
2,4172
3,4173
4,4174
3,4175
3,4176
2,4177
1,4178
1,4179
0,4180
1,4181
4,4182
4,4183
1,4184
0,4185
1,4186
4,4187
4,4188
3,4189
1,4190
4,4191
2,4192
2,4193
1,4194
4,4195
2,4196
3,4197
3,4198
4,4199
4,4200
4,4201
3,4202
2,4203
2,4204
4,4205
4,4206
2,4207
2,4208
3,4209
1,4210
0,4211
0,4212
0,4213
1,4214
0,4215
0,4216
0,4217
0,4218
3,4219
0,4220
2,4221
4,4222
4,4223
1,4224
3,4225
0,4226
2,4227
1,4228
2,4229
3,4230
4,4231
3,4232
4,4233
4,4234
4,4235
1,4236
4,4237
2,4238
3,4239
3,4240
1,4241
3,4242
1,4243
3,4244
4,4245
1,4246
3,4247
2,4248
3,4249
2,4250
2,4251
4,4252
2,4253
2,4254
2,4255
3,4256
4,4257
1,4258
1,4259
3,4260
3,4261
4,4262
4,4263
3,4264
3,4265
3,4266
3,4267
3,4268
1,4269
4,4270
0,4271
2,4272
2,4273
3,4274
1,4275
1,4276
3,4277
1,4278
4,4279
2,4280
4,4281
4,4282
4,4283
0,4284
3,4285
4,4286
1,4287
3,4288
0,4289
2,4290
1,4291
1,4292
3,4293
4,4294
1,4295
4,4296
4,4297
4,4298
2,4299
0,4300
3,4301
3,4302
0,4303
3,4304
1,4305
1,4306
4,4307
2,4308
0,4309
1,4310
0,4311
1,4312
1,4313
3,4314
4,4315
4,4316
2,4317
2,4318
0,4319
3,4320
1,4321
3,4322
3,4323
1,4324
3,4325
3,4326
4,4327
3,4328
4,4329
4,4330
1,4331
3,4332
3,4333
3,4334
1,4335
1,4336
4,4337
4,4338
4,4339
4,4340
1,4341
3,4342
4,4343
1,4344
1,4345
4,4346
1,4347
3,4348
0,4349
3,4350
2,4351
1,4352
4,4353
4,4354
3,4355
0,4356
0,4357
0,4358
3,4359
1,4360
0,4361
1,4362
1,4363
2,4364
4,4365
3,4366
2,4367
2,4368
2,4369
1,4370
2,4371
3,4372
3,4373
4,4374
1,4375
0,4376
4,4377
4,4378
1,4379
4,4380
2,4381
1,4382
2,4383
3,4384
4,4385
2,4386
1,4387
1,4388
3,4389
2,4390
2,4391
3,4392
0,4393
1,4394
3,4395
1,4396
3,4397
0,4398
4,4399
0,4400
0,4401
1,4402
2,4403
1,4404
4,4405
3,4406
1,4407
4,4408
2,4409
3,4410
4,4411
4,4412
4,4413
4,4414
3,4415
0,4416
1,4417
4,4418
4,4419
4,4420
3,4421
3,4422
1,4423
4,4424
2,4425
4,4426
4,4427
2,4428
1,4429
3,4430
3,4431
4,4432
1,4433
4,4434
4,4435
2,4436
1,4437
0,4438
3,4439
1,4440
2,4441
2,4442
3,4443
0,4444
4,4445
2,4446
3,4447
1,4448
1,4449
3,4450
4,4451
3,4452
3,4453
4,4454
3,4455
2,4456
3,4457
3,4458
0,4459
1,4460
1,4461
4,4462
2,4463
2,4464
1,4465
3,4466
2,4467
2,4468
4,4469
3,4470
2,4471
0,4472
3,4473
2,4474
4,4475
4,4476
1,4477
1,4478
3,4479
4,4480
1,4481
3,4482
2,4483
3,4484
3,4485
2,4486
2,4487
0,4488
2,4489
2,4490
3,4491
1,4492
2,4493
2,4494
1,4495
4,4496
0,4497
3,4498
1,4499
4,4500
3,4501
4,4502
2,4503
2,4504
3,4505
3,4506
1,4507
3,4508
1,4509
1,4510
3,4511
4,4512
1,4513
0,4514
3,4515
3,4516
0,4517
0,4518
1,4519
3,4520
1,4521
1,4522
3,4523
3,4524
0,4525
0,4526
2,4527
3,4528
2,4529
1,4530
4,4531
1,4532
3,4533
2,4534
3,4535
1,4536
1,4537
2,4538
1,4539
4,4540
0,4541
2,4542
0,4543
4,4544
2,4545
0,4546
1,4547
0,4548
1,4549
3,4550
4,4551
4,4552
0,4553
3,4554
3,4555
1,4556
2,4557
2,4558
0,4559
1,4560
0,4561
4,4562
3,4563
0,4564
1,4565
3,4566
2,4567
3,4568
4,4569
3,4570
3,4571
1,4572
1,4573
3,4574
0,4575
0,4576
3,4577
3,4578
4,4579
4,4580
3,4581
3,4582
0,4583
3,4584
2,4585
4,4586
2,4587
0,4588
0,4589
1,4590
4,4591
4,4592
1,4593
1,4594
2,4595
3,4596
1,4597
3,4598
1,4599
2,4600
2,4601
0,4602
0,4603
2,4604
3,4605
1,4606
1,4607
2,4608
4,4609
2,4610
3,4611
0,4612
2,4613
3,4614
3,4615
0,4616
4,4617
4,4618
4,4619
4,4620
0,4621
2,4622
3,4623
4,4624
1,4625
4,4626
2,4627
0,4628
4,4629
0,4630
3,4631
1,4632
4,4633
2,4634
4,4635
0,4636
3,4637
0,4638
3,4639
4,4640
4,4641
2,4642
1,4643
4,4644
4,4645
3,4646
3,4647
4,4648
1,4649
1,4650
1,4651
1,4652
4,4653
4,4654
0,4655
4,4656
3,4657
4,4658
4,4659
4,4660
1,4661
0,4662
3,4663
1,4664
1,4665
1,4666
4,4667
0,4668
4,4669
2,4670
4,4671
3,4672
4,4673
2,4674
0,4675
0,4676
3,4677
1,4678
4,4679
1,4680
3,4681
1,4682
1,4683
1,4684
1,4685
3,4686
0,4687
2,4688
4,4689
3,4690
0,4691
3,4692
3,4693
2,4694
4,4695
3,4696
3,4697
3,4698
4,4699
2,4700
4,4701
4,4702
1,4703
1,4704
1,4705
1,4706
0,4707
4,4708
3,4709
4,4710
1,4711
4,4712
4,4713
2,4714
1,4715
0,4716
2,4717
3,4718
4,4719
2,4720
3,4721
0,4722
4,4723
1,4724
3,4725
2,4726
1,4727
1,4728
4,4729
3,4730
1,4731
0,4732
3,4733
4,4734
3,4735
0,4736
1,4737
1,4738
1,4739
3,4740
4,4741
1,4742
3,4743
0,4744
4,4745
2,4746
3,4747
4,4748
1,4749
3,4750
1,4751
0,4752
4,4753
0,4754
4,4755
0,4756
1,4757
1,4758
1,4759
0,4760
3,4761
2,4762
1,4763
0,4764
1,4765
1,4766
2,4767
3,4768
2,4769
2,4770
1,4771
4,4772
0,4773
3,4774
3,4775
4,4776
0,4777
3,4778
1,4779
3,4780
2,4781
4,4782
3,4783
1,4784
3,4785
4,4786
4,4787
1,4788
3,4789
1,4790
0,4791
3,4792
0,4793
3,4794
3,4795
3,4796
2,4797
1,4798
3,4799
2,4800
4,4801
1,4802
1,4803
1,4804
3,4805
3,4806
4,4807
0,4808
0,4809
1,4810
3,4811
1,4812
1,4813
2,4814
0,4815
0,4816
3,4817
1,4818
3,4819
1,4820
1,4821
4,4822
3,4823
3,4824
0,4825
4,4826
0,4827
3,4828
3,4829
4,4830
4,4831
4,4832
4,4833
2,4834
4,4835
3,4836
3,4837
3,4838
3,4839
3,4840
2,4841
2,4842
1,4843
1,4844
4,4845
0,4846
3,4847
3,4848
0,4849
2,4850
1,4851
3,4852
0,4853
0,4854
0,4855
4,4856
0,4857
2,4858
1,4859
0,4860
4,4861
4,4862
4,4863
4,4864
4,4865
3,4866
3,4867
1,4868
2,4869
0,4870
4,4871
1,4872
3,4873
4,4874
3,4875
2,4876
4,4877
4,4878
1,4879
2,4880
1,4881
3,4882
0,4883
4,4884
1,4885
2,4886
1,4887
3,4888
0,4889
2,4890
0,4891
3,4892
3,4893
2,4894
4,4895
1,4896
1,4897
2,4898
3,4899
1,4900
0,4901
1,4902
4,4903
3,4904
0,4905
3,4906
2,4907
1,4908
4,4909
3,4910
2,4911
4,4912
4,4913
1,4914
4,4915
1,4916
3,4917
3,4918
1,4919
3,4920
3,4921
1,4922
4,4923
1,4924
3,4925
1,4926
4,4927
2,4928
1,4929
4,4930
4,4931
4,4932
2,4933
1,4934
2,4935
2,4936
3,4937
3,4938
1,4939
0,4940
3,4941
1,4942
2,4943
3,4944
4,4945
1,4946
0,4947
2,4948
1,4949
4,4950
4,4951
0,4952
2,4953
3,4954
3,4955
2,4956
4,4957
1,4958
3,4959
4,4960
1,4961
2,4962
1,4963
0,4964
4,4965
2,4966
4,4967
3,4968
1,4969
1,4970
3,4971
1,4972
3,4973
1,4974
0,4975
1,4976
1,4977
3,4978
4,4979
0,4980
0,4981
3,4982
3,4983
2,4984
2,4985
1,4986
4,4987
2,4988
1,4989
4,4990
0,4991
4,4992
1,4993
4,4994
0,4995
3,4996
1,4997
2,4998
2,4999
4,5000
0,5001
0,5002
4,5003
3,5004
0,5005
2,5006
1,5007
3,5008
3,5009
1,5010
0,5011
3,5012
1,5013
4,5014
0,5015
4,5016
3,5017
2,5018
4,5019
1,5020
2,5021
0,5022
3,5023
2,5024
1,5025
4,5026
3,5027
1,5028
1,5029
4,5030
3,5031
0,5032
2,5033
1,5034
1,5035
4,5036
0,5037
1,5038
3,5039
2,5040
3,5041
2,5042
4,5043
3,5044
4,5045
2,5046
3,5047
3,5048
3,5049
3,5050
3,5051
0,5052
3,5053
1,5054
1,5055
2,5056
2,5057
4,5058
3,5059
3,5060
0,5061
1,5062
1,5063
4,5064
3,5065
0,5066
1,5067
2,5068
4,5069
3,5070
3,5071
1,5072
2,5073
2,5074
3,5075
1,5076
3,5077
0,5078
1,5079
3,5080
4,5081
2,5082
3,5083
4,5084
1,5085
3,5086
4,5087
2,5088
4,5089
4,5090
3,5091
4,5092
4,5093
4,5094
1,5095
3,5096
1,5097
4,5098
3,5099
0,5100
1,5101
3,5102
1,5103
0,5104
0,5105
4,5106
3,5107
1,5108
2,5109
1,5110
1,5111
3,5112
3,5113
4,5114
2,5115
4,5116
2,5117
4,5118
3,5119
4,5120
0,5121
3,5122
1,5123
2,5124
0,5125
0,5126
3,5127
3,5128
1,5129
1,5130
4,5131
3,5132
1,5133
4,5134
2,5135
0,5136
1,5137
3,5138
2,5139
0,5140
0,5141
0,5142
0,5143
3,5144
4,5145
4,5146
3,5147
3,5148
1,5149
4,5150
3,5151
0,5152
0,5153
1,5154
3,5155
1,5156
1,5157
0,5158
4,5159
2,5160
0,5161
1,5162
3,5163
3,5164
2,5165
0,5166
4,5167
2,5168
4,5169
1,5170
3,5171
4,5172
3,5173
2,5174
4,5175
1,5176
0,5177
0,5178
3,5179
1,5180
2,5181
2,5182
1,5183
3,5184
1,5185
0,5186
3,5187
0,5188
3,5189
2,5190
1,5191
1,5192
1,5193
3,5194
1,5195
3,5196
2,5197
1,5198
1,5199
3,5200
1,5201
1,5202
1,5203
0,5204
4,5205
4,5206
4,5207
1,5208
1,5209
1,5210
4,5211
4,5212
1,5213
3,5214
4,5215
4,5216
1,5217
1,5218
3,5219
3,5220
1,5221
2,5222
4,5223
2,5224
1,5225
2,5226
0,5227
3,5228
0,5229
3,5230
2,5231
2,5232
1,5233
1,5234
1,5235
1,5236
3,5237
4,5238
0,5239
3,5240
2,5241
0,5242
2,5243
1,5244
3,5245
3,5246
2,5247
1,5248
2,5249
2,5250
2,5251
4,5252
3,5253
2,5254
0,5255
1,5256
3,5257
1,5258
0,5259
2,5260
3,5261
3,5262
0,5263
2,5264
3,5265
4,5266
1,5267
4,5268
1,5269
0,5270
0,5271
1,5272
2,5273
4,5274
0,5275
1,5276
1,5277
3,5278
4,5279
4,5280
3,5281
4,5282
0,5283
0,5284
1,5285
2,5286
2,5287
1,5288
4,5289
3,5290
0,5291
1,5292
4,5293
4,5294
2,5295
0,5296
1,5297
3,5298
2,5299
1,5300
2,5301
3,5302
1,5303
0,5304
3,5305
1,5306
4,5307
3,5308
1,5309
2,5310
0,5311
1,5312
4,5313
3,5314
3,5315
3,5316
3,5317
0,5318
1,5319
2,5320
2,5321
4,5322
4,5323
3,5324
2,5325
1,5326
1,5327
1,5328
4,5329
3,5330
3,5331
3,5332
0,5333
3,5334
4,5335
1,5336
3,5337
1,5338
2,5339
4,5340
1,5341
0,5342
1,5343
2,5344
4,5345
2,5346
2,5347
2,5348
1,5349
0,5350
3,5351
0,5352
4,5353
3,5354
0,5355
3,5356
2,5357
3,5358
4,5359
3,5360
4,5361
3,5362
4,5363
4,5364
1,5365
0,5366
1,5367
0,5368
3,5369
0,5370
2,5371
0,5372
0,5373
2,5374
0,5375
2,5376
3,5377
3,5378
0,5379
1,5380
3,5381
2,5382
0,5383
3,5384
2,5385
2,5386
0,5387
4,5388
1,5389
4,5390
0,5391
3,5392
2,5393
3,5394
2,5395
1,5396
3,5397
0,5398
3,5399
2,5400
1,5401
0,5402
4,5403
1,5404
1,5405
4,5406
4,5407
1,5408
4,5409
0,5410
3,5411
4,5412
1,5413
4,5414
2,5415
1,5416
1,5417
3,5418
1,5419
3,5420
1,5421
1,5422
2,5423
2,5424
4,5425
1,5426
1,5427
4,5428
1,5429
2,5430
0,5431
4,5432
2,5433
3,5434
4,5435
2,5436
0,5437
1,5438
3,5439
1,5440
1,5441
1,5442
4,5443
4,5444
1,5445
4,5446
1,5447
1,5448
3,5449
1,5450
3,5451
3,5452
1,5453
3,5454
2,5455
1,5456
0,5457
3,5458
1,5459
3,5460
4,5461
1,5462
3,5463
0,5464
0,5465
4,5466
1,5467
3,5468
3,5469
1,5470
0,5471
0,5472
3,5473
4,5474
0,5475
2,5476
3,5477
4,5478
1,5479
1,5480
4,5481
0,5482
0,5483
3,5484
4,5485
3,5486
0,5487
3,5488
4,5489
2,5490
0,5491
4,5492
1,5493
3,5494
1,5495
1,5496
3,5497
4,5498
3,5499
3,5500
3,5501
1,5502
2,5503
3,5504
1,5505
4,5506
3,5507
4,5508
4,5509
4,5510
3,5511
0,5512
4,5513
4,5514
4,5515
1,5516
1,5517
4,5518
1,5519
4,5520
1,5521
4,5522
4,5523
1,5524
2,5525
0,5526
3,5527
4,5528
1,5529
4,5530
2,5531
4,5532
3,5533
0,5534
4,5535
4,5536
3,5537
3,5538
1,5539
3,5540
3,5541
0,5542
2,5543
2,5544
3,5545
3,5546
3,5547
2,5548
3,5549
4,5550
4,5551
2,5552
4,5553
3,5554
1,5555
4,5556
3,5557
4,5558
3,5559
2,5560
3,5561
1,5562
4,5563
0,5564
3,5565
3,5566
1,5567
3,5568
1,5569
4,5570
0,5571
3,5572
4,5573
0,5574
1,5575
0,5576
2,5577
1,5578
3,5579
2,5580
1,5581
2,5582
3,5583
2,5584
2,5585
2,5586
3,5587
1,5588
0,5589
1,5590
4,5591
2,5592
4,5593
1,5594
4,5595
1,5596
1,5597
3,5598
2,5599
0,5600
1,5601
3,5602
3,5603
4,5604
1,5605
4,5606
3,5607
1,5608
3,5609
4,5610
1,5611
1,5612
1,5613
4,5614
3,5615
3,5616
3,5617
2,5618
2,5619
0,5620
4,5621
1,5622
3,5623
2,5624
4,5625
0,5626
4,5627
1,5628
1,5629
2,5630
2,5631
1,5632
1,5633
2,5634
1,5635
4,5636
2,5637
2,5638
0,5639
1,5640
3,5641
3,5642
1,5643
1,5644
4,5645
3,5646
3,5647
1,5648
4,5649
2,5650
4,5651
3,5652
3,5653
1,5654
1,5655
4,5656
2,5657
4,5658
3,5659
4,5660
4,5661
3,5662
4,5663
4,5664
4,5665
1,5666
3,5667
1,5668
1,5669
2,5670
0,5671
1,5672
3,5673
1,5674
1,5675
3,5676
2,5677
1,5678
4,5679
1,5680
3,5681
3,5682
4,5683
2,5684
1,5685
0,5686
3,5687
4,5688
3,5689
2,5690
4,5691
1,5692
3,5693
3,5694
3,5695
4,5696
0,5697
1,5698
1,5699
1,5700
0,5701
4,5702
2,5703
2,5704
0,5705
3,5706
2,5707
0,5708
1,5709
3,5710
3,5711
1,5712
1,5713
4,5714
1,5715
2,5716
1,5717
2,5718
4,5719
4,5720
0,5721
0,5722
2,5723
1,5724
3,5725
3,5726
4,5727
1,5728
0,5729
3,5730
2,5731
3,5732
3,5733
0,5734
4,5735
1,5736
4,5737
2,5738
3,5739
3,5740
0,5741
4,5742
2,5743
4,5744
1,5745
1,5746
0,5747
4,5748
3,5749
4,5750
2,5751
1,5752
0,5753
1,5754
1,5755
1,5756
3,5757
0,5758
4,5759
4,5760
2,5761
1,5762
0,5763
4,5764
0,5765
3,5766
4,5767
0,5768
4,5769
4,5770
1,5771
1,5772
4,5773
3,5774
3,5775
1,5776
4,5777
4,5778
4,5779
0,5780
4,5781
0,5782
2,5783
1,5784
1,5785
3,5786
3,5787
3,5788
0,5789
1,5790
1,5791
1,5792
4,5793
3,5794
3,5795
2,5796
1,5797
0,5798
4,5799
3,5800
2,5801
4,5802
4,5803
2,5804
3,5805
3,5806
4,5807
4,5808
0,5809
2,5810
3,5811
2,5812
4,5813
2,5814
0,5815
1,5816
1,5817
0,5818
1,5819
0,5820
4,5821
1,5822
1,5823
2,5824
0,5825
2,5826
3,5827
3,5828
1,5829
0,5830
3,5831
1,5832
3,5833
4,5834
1,5835
4,5836
0,5837
1,5838
1,5839
0,5840
3,5841
0,5842
4,5843
1,5844
4,5845
0,5846
1,5847
1,5848
4,5849
1,5850
2,5851
4,5852
1,5853
1,5854
1,5855
3,5856
3,5857
1,5858
1,5859
3,5860
2,5861
4,5862
4,5863
2,5864
2,5865
4,5866
4,5867
1,5868
3,5869
4,5870
4,5871
3,5872
4,5873
0,5874
3,5875
0,5876
4,5877
1,5878
3,5879
4,5880
4,5881
4,5882
0,5883
1,5884
2,5885
0,5886
0,5887
2,5888
4,5889
1,5890
2,5891
2,5892
4,5893
2,5894
1,5895
0,5896
1,5897
1,5898
4,5899
1,5900
1,5901
4,5902
0,5903
0,5904
3,5905
2,5906
1,5907
3,5908
1,5909
2,5910
2,5911
4,5912
2,5913
0,5914
4,5915
4,5916
3,5917
3,5918
1,5919
2,5920
4,5921
2,5922
2,5923
0,5924
1,5925
4,5926
0,5927
2,5928
3,5929
2,5930
1,5931
0,5932
1,5933
1,5934
3,5935
3,5936
4,5937
4,5938
0,5939
0,5940
3,5941
1,5942
4,5943
3,5944
2,5945
2,5946
1,5947
0,5948
4,5949
2,5950
0,5951
1,5952
2,5953
0,5954
4,5955
4,5956
4,5957
4,5958
2,5959
3,5960
4,5961
1,5962
1,5963
1,5964
4,5965
1,5966
0,5967
2,5968
1,5969
0,5970
0,5971
2,5972
4,5973
4,5974
1,5975
4,5976
1,5977
2,5978
0,5979
0,5980
4,5981
0,5982
1,5983
0,5984
1,5985
0,5986
1,5987
1,5988
3,5989
2,5990
4,5991
3,5992
0,5993
4,5994
1,5995
4,5996
4,5997
3,5998
1,5999
